,pitot_tube,Weight,COG_dev_y,temp_front_left,temp_front_right
0,0.97283935546875,507.9,0.00443985036424493,21.07574462890625,20.86578369140625
1,0.97283935546875,502.4,0.008320063694267516,21.07574462890625,20.86578369140625
2,0.9652099609375071,499.6,0.00924739791833467,21.07574462890625,20.87890625
3,0.9652099609375071,503.2,0.005246422893481718,21.07574462890625,20.87890625
4,0.97283935546875,505.5,0.0038081107814045504,21.07574462890625,20.86578369140625
5,0.97283935546875,503.2,0.005246422893481718,21.07574462890625,20.86578369140625
6,0.97283935546875,502.8,0.006782020684168655,21.07574462890625,20.87890625
7,0.9804687499999929,505.6,0.005874208860759495,21.0888671875,20.87890625
8,0.9804687499999929,505.6,0.005874208860759495,21.0888671875,20.87890625
9,0.9804687499999929,501.9,0.007780434349472007,21.0888671875,20.87890625
10,0.97283935546875,500.0,0.007700000000000001,21.07574462890625,20.87890625
11,0.97283935546875,503.7,0.005787174905697837,21.07574462890625,20.87890625
12,0.9804687499999929,505.1,0.005335577113442883,21.0888671875,20.87890625
13,0.9880981445312358,501.0,0.00878243512974052,21.07574462890625,20.87890625
14,0.9880981445312358,495.0,0.012222222222222223,21.07574462890625,20.86578369140625
15,0.9804687499999929,497.3,0.0107279308264629,21.07574462890625,20.87890625
16,0.97283935546875,501.9,0.007780434349472007,21.0888671875,20.87890625
17,0.97283935546875,505.1,0.005335577113442883,21.0888671875,20.87890625
18,0.97283935546875,508.3,0.0029215030493802865,21.07574462890625,20.87890625
19,0.9804687499999929,511.5,0.0005376344086021505,21.07574462890625,20.86578369140625
20,0.9880981445312358,509.7,0.002481852069845008,21.07574462890625,20.87890625
21,0.9880981445312358,500.6,0.010327606871753896,21.07574462890625,20.87890625
22,0.9804687499999929,492.3,0.015305707901685964,21.07574462890625,20.87890625
23,0.9804687499999929,492.2,0.013185696871190575,21.07574462890625,20.87890625
24,0.9804687499999929,495.9,0.011201855212744506,21.07574462890625,20.86578369140625
25,0.9804687499999929,495.9,0.011201855212744506,21.07574462890625,20.86578369140625
26,0.97283935546875,496.3,0.009641345960104776,21.07574462890625,20.86578369140625
27,0.97283935546875,498.6,0.008162855996791014,21.07574462890625,20.86578369140625
28,0.9804687499999929,501.4,0.0072397287594734745,21.07574462890625,20.86578369140625
29,0.9804687499999929,503.8,0.007860262008733625,21.07574462890625,20.86578369140625
30,0.9804687499999929,502.9,0.008858620003976934,21.07574462890625,20.86578369140625
31,0.9804687499999929,500.1,0.009788042391521696,21.0888671875,20.87890625
32,0.9804687499999929,500.0,0.007700000000000001,21.0888671875,20.87890625
33,0.9880981445312358,499.5,0.007157157157157158,21.0888671875,20.87890625
34,0.9880981445312358,494.4,0.009567152103559871,21.0888671875,20.87890625
35,0.9880981445312358,491.2,0.0120928338762215,21.0888671875,20.87890625
36,0.9804687499999929,492.2,0.013185696871190575,21.0888671875,20.87890625
37,0.9880981445312358,496.0,0.013306451612903227,21.0888671875,20.87890625
38,0.9957275390624787,495.5,0.012764883955600404,21.07574462890625,20.87890625
39,0.9880981445312358,490.8,0.013671556642216788,21.07574462890625,20.87890625
40,0.9804687499999929,490.7,0.01154473201548808,21.07574462890625,20.87890625
41,0.9804687499999929,497.6,0.00707395498392283,21.0888671875,20.87890625
42,0.97283935546875,502.7,0.004704595185995625,21.0888671875,20.86578369140625
43,0.97283935546875,501.8,0.005699481865284974,21.07574462890625,20.86578369140625
44,0.9880981445312358,500.0,0.007700000000000001,21.07574462890625,20.86578369140625
45,0.9957275390624787,500.5,0.008241758241758242,21.07574462890625,20.87890625
46,0.9880981445312358,500.0,0.007700000000000001,21.0888671875,20.87890625
47,0.9804687499999929,498.6,0.008162855996791014,21.0888671875,20.87890625
48,0.97283935546875,502.8,0.006782020684168655,21.07574462890625,20.86578369140625
49,0.9804687499999929,510.7,0.0035539455649109077,21.07574462890625,20.86578369140625
50,0.9804687499999929,512.1,0.003114626049599686,21.07574462890625,20.86578369140625
51,0.9804687499999929,502.3,0.006241290065697789,21.07574462890625,20.87890625
52,0.97283935546875,492.1,0.01106482422271896,21.07574462890625,20.87890625
53,0.97283935546875,493.1,0.012157777327114178,21.07574462890625,20.86578369140625
54,0.97283935546875,502.9,0.008858620003976934,21.07574462890625,20.86578369140625
55,0.9804687499999929,511.2,0.004088419405320815,21.07574462890625,20.86578369140625
56,0.9880981445312358,512.0,0.00107421875,21.0888671875,20.87890625
57,0.9880981445312358,505.5,0.0038081107814045504,21.0888671875,20.87890625
58,0.9804687499999929,497.2,0.008628318584070796,21.07574462890625,20.86578369140625
59,0.9804687499999929,495.4,0.01065805409769883,21.07574462890625,20.86578369140625
60,0.9880981445312358,500.0,0.007700000000000001,21.07574462890625,20.86578369140625
61,0.9880981445312358,502.8,0.006782020684168655,21.0888671875,20.87890625
62,0.9804687499999929,502.4,0.008320063694267516,21.0888671875,20.87890625
63,0.9804687499999929,499.2,0.010797275641025643,21.0888671875,20.87890625
64,0.9804687499999929,497.3,0.0107279308264629,21.0888671875,20.87890625
65,0.9880981445312358,497.7,0.00917219208358449,21.0888671875,20.87890625
66,0.9804687499999929,498.1,0.007618952017667135,21.0888671875,20.87890625
67,0.9804687499999929,498.1,0.007618952017667135,21.0888671875,20.87890625
68,0.9804687499999929,498.1,0.007618952017667135,21.0888671875,20.87890625
69,0.9880981445312358,500.9,0.006697943701337593,21.0888671875,20.87890625
70,0.9880981445312358,503.2,0.005246422893481718,21.0888671875,20.87890625
71,0.9880981445312358,504.6,0.004795877923107412,21.0888671875,20.87890625
72,0.9880981445312358,500.5,0.008241758241758242,21.0888671875,20.87890625
73,0.9880981445312358,495.9,0.011201855212744506,21.0888671875,20.87890625
74,0.9880981445312358,495.0,0.012222222222222223,21.0888671875,20.87890625
75,0.9804687499999929,497.8,0.01126958617918843,21.0888671875,20.87890625
76,0.9804687499999929,500.1,0.009788042391521696,21.0888671875,20.87890625
77,0.9880981445312358,504.2,0.0063268544228480775,21.0888671875,20.87890625
78,0.9957275390624787,505.6,0.005874208860759495,21.0888671875,20.87890625
79,0.9880981445312358,504.7,0.006865464632454925,21.0888671875,20.87890625
80,0.97283935546875,501.9,0.007780434349472007,21.0888671875,20.87890625
81,0.97283935546875,500.9,0.006697943701337593,21.0888671875,20.87890625
82,0.97283935546875,498.6,0.008162855996791014,21.0888671875,20.87890625
83,0.97283935546875,495.0,0.012222222222222223,21.0888671875,20.87890625
84,0.9804687499999929,506.1,0.0064117763287887776,21.0888671875,20.87890625
85,0.9880981445312358,499.1,0.008705670206371469,21.0888671875,20.87890625
86,0.9880981445312358,495.8,0.009096409842678498,21.0888671875,20.87890625
87,0.97283935546875,501.4,0.0072397287594734745,21.0888671875,20.87890625
88,0.97283935546875,507.9,0.00443985036424493,21.0888671875,20.87890625
89,0.9957275390624787,506.5,0.004886475814412636,21.0888671875,20.87890625
90,1.010986328125007,499.5,0.007157157157157158,21.0888671875,20.87890625
91,1.0033569335937642,495.3,0.008550373511003432,21.0888671875,20.87890625
92,0.9804687499999929,492.6,0.011611855460820138,21.0888671875,20.87890625
93,0.9804687499999929,492.2,0.013185696871190575,21.0888671875,20.87890625
94,0.9804687499999929,495.9,0.011201855212744506,21.0888671875,20.87890625
95,0.9652099609375071,501.4,0.0072397287594734745,21.07574462890625,20.86578369140625
96,0.9652099609375071,502.8,0.006782020684168655,21.0888671875,20.86578369140625
97,0.9880981445312358,502.4,0.008320063694267516,21.0888671875,20.87890625
98,0.9880981445312358,501.9,0.007780434349472007,21.0888671875,20.87890625
99,0.9804687499999929,500.9,0.006697943701337593,21.0888671875,20.86578369140625
100,0.97283935546875,498.1,0.007618952017667135,21.0888671875,20.86578369140625
101,0.9804687499999929,497.7,0.00917219208358449,21.0888671875,20.87890625
102,0.9880981445312358,496.4,0.011744560838033845,21.0888671875,20.87890625
103,0.9957275390624787,494.1,0.013246306415705324,21.0888671875,20.87890625
104,0.97283935546875,494.1,0.013246306415705324,21.0888671875,20.87890625
105,0.9041748046875178,503.9,0.009932526294899782,21.0888671875,20.87890625
106,0.8431396484374893,522.2,0.006108770585982384,21.0888671875,20.87890625
107,0.8507690429687322,547.4,-0.001406649616368285,21.0888671875,20.87890625
108,0.92706298828125,573.3,-0.012759462759462758,21.0888671875,20.87890625
109,0.97283935546875,592.6,-0.02283158960512993,21.0888671875,20.87890625
110,0.9499511718750213,597.9,-0.02106539555109551,21.0888671875,20.87890625
111,0.9118041992187607,590.8,-0.004468517264725794,21.0888671875,20.86578369140625
112,0.9346923828124929,584.6,0.011666096476223057,21.07574462890625,20.86578369140625
113,1.0033569335937642,583.8,0.014319972593353894,21.07574462890625,20.86578369140625
114,1.0567626953125107,581.1,0.008423679229048355,21.0888671875,20.87890625
115,1.0567626953125107,575.6,0.003248783877692841,21.0888671875,20.87890625
116,1.0491333007812678,574.2,0.003639846743295016,21.07574462890625,20.86578369140625
117,1.0338745117187393,579.4,0.003417328270624786,21.07574462890625,20.86578369140625
118,1.010986328125007,583.6,0.002261823166552432,21.07574462890625,20.86578369140625
119,0.9957275390624787,578.5,0.0042783059636992225,21.0888671875,20.86578369140625
120,0.9804687499999929,572.3,0.0035558273632710154,21.0888671875,20.87890625
121,0.97283935546875,571.5,-0.002405949256342957,21.0888671875,20.87890625
122,0.9804687499999929,575.8,-0.010316081972907258,21.0888671875,20.86578369140625
123,0.9957275390624787,578.2,-0.009702525077827744,21.0888671875,20.86578369140625
124,1.0033569335937642,576.5,0.002385082393755421,21.07574462890625,20.86578369140625
125,0.9880981445312358,572.5,0.015851528384279476,21.07574462890625,20.87890625
126,0.9652099609375071,586.4,0.01838335607094134,21.0888671875,20.87890625
127,0.9499511718750213,593.9,0.016762081158444186,21.0888671875,20.87890625
128,0.9957275390624787,588.5,0.005140186915887851,21.0888671875,20.87890625
129,1.0033569335937642,587.5,0.004212765957446809,21.0888671875,20.87890625
130,0.9957275390624787,585.6,0.004132513661202185,21.0888671875,20.87890625
131,0.9880981445312358,586.1,0.004598191434908717,21.0888671875,20.89202880859375
132,0.9957275390624787,588.9,0.0038291730344710492,21.0888671875,20.89202880859375
133,1.0033569335937642,589.4,0.0042925008483203275,21.0888671875,20.87890625
134,0.9957275390624787,585.7,0.005915997951169537,21.0888671875,20.87890625
135,0.9804687499999929,580.6,0.007957285566655183,21.0888671875,20.87890625
136,0.97283935546875,579.6,0.007022084195997238,21.0888671875,20.87890625
137,0.9880981445312358,581.0,0.006626506024096386,21.0888671875,20.87890625
138,0.9880981445312358,578.3,0.009225315580148715,21.0888671875,20.87890625
139,0.9804687499999929,572.7,0.010852104068447702,21.0888671875,20.87890625
140,0.9804687499999929,574.1,0.01044243163211984,21.0888671875,20.87890625
141,0.9957275390624787,581.6,0.00888927097661623,21.0888671875,20.87890625
142,1.0033569335937642,575.5,0.01003475238922676,21.07574462890625,20.86578369140625
143,1.0033569335937642,574.2,0.01226053639846743,21.07574462890625,20.86578369140625
144,0.9957275390624787,579.8,0.01062435322525009,21.10198974609375,20.87890625
145,0.9880981445312358,584.4,0.008093771389459277,21.0888671875,20.87890625
146,0.9880981445312358,584.8,0.006771545827633382,21.0888671875,20.87890625
147,0.9957275390624787,582.4,0.0062328296703296725,21.0888671875,20.87890625
148,0.9880981445312358,581.5,0.007093723129836629,21.10198974609375,20.87890625
149,0.9804687499999929,583.4,0.007164895440521086,21.0888671875,20.87890625
150,0.97283935546875,580.7,0.009755467539176853,21.0888671875,20.87890625
151,0.9652099609375071,583.1,0.010281255359286572,21.0888671875,20.87890625
152,0.9804687499999929,583.1,0.010281255359286572,21.0888671875,20.87890625
153,0.9880981445312358,580.7,0.009755467539176853,21.0888671875,20.87890625
154,0.9957275390624787,584.2,0.0045190003423485085,21.0888671875,20.87890625
155,0.9957275390624787,593.1,-0.005656718934412411,21.0888671875,20.87890625
156,1.0033569335937642,596.5,-0.01244761106454317,21.0888671875,20.87890625
157,0.9957275390624787,590.4,-0.011551490514905149,21.0888671875,20.87890625
158,0.9804687499999929,587.1,-0.0029041049225004274,21.0888671875,20.87890625
159,0.97283935546875,590.9,0.0056777796581485886,21.0888671875,20.87890625
160,0.9804687499999929,594.9,0.00933770381576736,21.0888671875,20.87890625
161,1.010986328125007,594.9,0.00933770381576736,21.0888671875,20.87890625
162,1.0262451171874964,591.5,0.00790363482671175,21.0888671875,20.87890625
163,1.0338745117187393,588.2,0.008228493709622574,21.0888671875,20.87890625
164,1.0262451171874964,583.1,0.010281255359286572,21.0888671875,20.87890625
165,1.01861572265625,578.5,0.012834917891097667,21.0888671875,20.87890625
166,1.010986328125007,574.8,0.014544189283228955,21.0888671875,20.87890625
167,1.010986328125007,574.6,0.010911938739993037,21.0888671875,20.87890625
168,1.010986328125007,573.5,0.00815170008718396,21.0888671875,20.87890625
169,0.9957275390624787,572.8,0.004032821229050283,21.0888671875,20.87890625
170,0.9575805664062642,574.1,-0.006801950879637695,21.0888671875,20.87890625
171,0.9346923828124929,580.7,-0.02434131220940245,21.0888671875,20.87890625
172,0.9499511718750213,586.3,-0.03405253283302064,21.0888671875,20.87890625
173,0.97283935546875,578.0,-0.02188581314878893,21.07574462890625,20.86578369140625
174,1.010986328125007,562.0,0.005871886120996442,21.0888671875,20.87890625
175,1.0720214843749964,562.4,0.03090327169274538,21.0888671875,20.87890625
176,1.171203613281243,584.0,0.04332191780821918,21.0888671875,20.87890625
177,1.2780151367187322,602.2,0.04548322816340086,21.0888671875,20.87890625
178,1.3314208984375213,600.5,0.040757701915070776,21.0888671875,20.87890625
179,1.3237915039062358,589.9,0.029928801491778272,21.0888671875,20.87890625
180,1.2627563476562464,584.9,0.02548298854505044,21.0888671875,20.87890625
181,1.1864624023437287,586.8,0.03392978868438992,21.0888671875,20.87890625
182,1.155944824218757,585.7,0.04817312617380912,21.0888671875,20.86578369140625
183,1.16357421875,578.9,0.05424943859043014,21.0888671875,20.86578369140625
184,1.125427246093743,574.7,0.04718113798503567,21.0888671875,20.86578369140625
185,1.01861572265625,577.5,0.03761904761904762,21.0888671875,20.86578369140625
186,0.9346923828124929,585.6,0.037943989071038256,21.0888671875,20.87890625
187,0.9346923828124929,588.0,0.0467687074829932,21.0888671875,20.87890625
188,0.9804687499999929,586.4,0.0521487039563438,21.0888671875,20.87890625
189,1.0033569335937642,587.1,0.04768352921137796,21.0888671875,20.87890625
190,0.9880981445312358,591.0,0.04094754653130288,21.0888671875,20.87890625
191,0.9652099609375071,587.9,0.044999149515223685,21.0888671875,20.87890625
192,0.9575805664062642,575.2,0.06482962447844227,21.0888671875,20.87890625
193,0.9804687499999929,567.9,0.08822856136643777,21.0888671875,20.87890625
194,0.9957275390624787,572.8,0.09909217877094974,21.0888671875,20.87890625
195,0.9194335937500036,581.1,0.09360695233178457,21.0888671875,20.87890625
196,0.7973632812499858,584.7,0.08117838207627844,21.0888671875,20.87890625
197,0.7592163085937713,584.8,0.07448700410396718,21.0888671875,20.87890625
198,0.8583984375000178,585.7,0.07352740310739286,21.0888671875,20.87890625
199,0.9575805664062642,583.8,0.07367249057896541,21.0888671875,20.87890625
200,0.9346923828124929,575.7,0.07384922702796595,21.0888671875,20.87890625
201,0.8583984375000178,568.1,0.07444992078859357,21.0888671875,20.87890625
202,0.8583984375000178,566.9,0.06995060857294055,21.0888671875,20.87890625
203,0.9423217773437358,567.1,0.05615411743960501,21.0888671875,20.87890625
204,0.9957275390624787,559.4,0.036968180193064006,21.0888671875,20.87890625
205,0.9804687499999929,543.2,0.018022827687776143,21.0888671875,20.87890625
206,0.9423217773437358,526.9,0.005323590814196245,21.0888671875,20.87890625
207,0.9423217773437358,514.3,-0.0003208244215438468,21.0888671875,20.87890625
208,0.9499511718750213,501.3,0.005156592858567724,21.0888671875,20.87890625
209,0.9423217773437358,493.2,0.014274128142741283,21.0888671875,20.87890625
210,0.9423217773437358,494.7,0.01589852435819689,21.0888671875,20.87890625
211,0.9575805664062642,504.3,0.008397779099742217,21.0888671875,20.86578369140625
212,0.9652099609375071,513.4,0.0006427736657576954,21.07574462890625,20.86578369140625
213,0.9423217773437358,516.7,0.0003193342365008717,21.07574462890625,20.86578369140625
214,0.92706298828125,513.1,0.004180471642954589,21.0888671875,20.86578369140625
215,0.9423217773437358,504.3,0.008397779099742217,21.0888671875,20.87890625
216,0.9804687499999929,495.4,0.01065805409769883,21.0888671875,20.87890625
217,0.9957275390624787,494.5,0.01167846309403438,21.0888671875,20.86578369140625
218,0.9804687499999929,501.6,0.011403508771929825,21.0888671875,20.86578369140625
219,0.9804687499999929,509.1,0.009615006874877235,21.0888671875,20.87890625
220,0.9957275390624787,510.9,0.007643374437267568,21.0888671875,20.87890625
221,1.010986328125007,507.1,0.007483731019522777,21.0888671875,20.87890625
222,1.0033569335937642,506.1,0.0064117763287887776,21.0888671875,20.87890625
223,0.9880981445312358,511.6,0.0025801407349491778,21.0888671875,20.87890625
224,0.9880981445312358,514.4,0.0017107309486780733,21.0888671875,20.87890625
225,0.9957275390624787,510.8,0.005599060297572435,21.07574462890625,20.86578369140625
226,0.9957275390624787,507.6,0.008018124507486209,21.0888671875,20.86578369140625
227,1.010986328125007,509.9,0.006579721514022358,21.0888671875,20.87890625
228,1.01861572265625,513.6,0.0047118380062305286,21.0888671875,20.87890625
229,1.01861572265625,509.4,0.006046329014526895,21.0888671875,20.87890625
230,1.0033569335937642,502.9,0.008858620003976934,21.0888671875,20.86578369140625
231,1.0033569335937642,502.9,0.008858620003976934,21.0888671875,20.87890625
232,1.0415039062499822,506.6,0.006948282668772208,21.0888671875,20.87890625
233,1.0720214843749964,504.8,0.008934231378763867,21.0888671875,20.87890625
234,1.0491333007812678,503.4,0.00939610647596345,21.0888671875,20.87890625
235,1.010986328125007,506.6,0.006948282668772208,21.0888671875,20.87890625
236,1.0033569335937642,510.2,0.00301842414739318,21.0888671875,20.87890625
237,1.010986328125007,510.2,0.00301842414739318,21.0888671875,20.87890625
238,1.0033569335937642,511.2,0.004088419405320815,21.0888671875,20.87890625
239,0.9957275390624787,518.7,0.002438789280894545,21.0888671875,20.87890625
240,1.0262451171874964,523.9,0.0022046192021378144,21.0888671875,20.87890625
241,1.0643920898437536,522.7,0.00662904151520949,21.0888671875,20.87890625
242,1.0491333007812678,522.6,0.014102564102564103,21.0888671875,20.86578369140625
243,1.0033569335937642,530.3,0.02561757495757119,21.0888671875,20.86578369140625
244,0.9652099609375071,547.1,0.047148601718150246,21.07574462890625,20.86578369140625
245,0.9652099609375071,569.7,0.07752325785501141,21.0888671875,20.86578369140625
246,0.9804687499999929,592.0,0.10033783783783785,21.07574462890625,20.86578369140625
247,0.9880981445312358,610.0,0.09737704918032788,21.07574462890625,20.86578369140625
248,0.9957275390624787,614.6,0.07821347217702572,21.07574462890625,20.86578369140625
249,0.9957275390624787,605.9,0.06817131539858062,21.07574462890625,20.86578369140625
250,1.0033569335937642,596.5,0.07883487007544007,21.0888671875,20.86578369140625
251,1.01861572265625,596.0,0.09505033557046981,21.0888671875,20.87890625
252,1.01861572265625,598.6,0.09868025392582694,21.0888671875,20.87890625
253,0.9804687499999929,596.3,0.09195874559785346,21.0888671875,20.87890625
254,1.0033569335937642,603.7,0.0877339738280603,21.0888671875,20.87890625
255,1.010986328125007,605.3,0.09059144226003636,21.0888671875,20.87890625
256,0.97283935546875,598.2,0.09175860916081577,21.0888671875,20.87890625
257,0.9346923828124929,590.6,0.09256688113782595,21.0888671875,20.87890625
258,0.92706298828125,590.6,0.09256688113782595,21.0888671875,20.87890625
259,0.92706298828125,597.3,0.09272559852670352,21.0888671875,20.87890625
260,0.9346923828124929,605.7,0.08926035991414892,21.0888671875,20.86578369140625
261,0.9499511718750213,608.3,0.08471971066907777,21.0888671875,20.86578369140625
262,0.9194335937500036,600.6,0.08369963369963371,21.0888671875,20.86578369140625
263,0.8507690429687322,590.3,0.08730306623750636,21.0888671875,20.86578369140625
264,0.9575805664062642,587.2,0.09160422343324251,21.0888671875,20.86578369140625
265,1.1940917968750142,590.5,0.09081287044877225,21.0888671875,20.87890625
266,1.0033569335937642,593.2,0.08789615643964935,21.0888671875,20.87890625
267,0.45404052734374645,594.9,0.08422423936796102,21.0888671875,20.87890625
268,1.0415039062499822,596.3,0.08365755492201914,21.0888671875,20.86578369140625
269,3.5820922851562607,595.1,0.08770794824399261,21.0888671875,20.86578369140625
270,6.076904296874998,590.6,0.09256688113782595,21.0888671875,20.86578369140625
271,6.008239746093768,586.8,0.09297886843899116,21.07574462890625,20.86578369140625
272,3.986450195312493,587.6,0.09023144996596326,21.07574462890625,20.86578369140625
273,2.9564819335937678,591.4,0.08983767331755158,21.07574462890625,20.86578369140625
274,4.528137207031268,594.5,0.09390243902439024,21.0888671875,20.87890625
275,7.656188964843743,593.8,0.09836645335129675,21.0888671875,20.87890625
276,9.85345458984374,595.0,0.09428571428571429,21.07574462890625,20.86578369140625
277,8.991333007812493,600.7,0.08542533710670884,21.07574462890625,20.86578369140625
278,5.298706054687512,610.8,0.07851997380484613,21.07574462890625,20.86578369140625
279,1.6365966796875036,621.2,0.07685125563425628,21.0888671875,20.87890625
280,0.3701171874999858,620.0,0.08072580645161291,21.0888671875,20.87890625
281,0.8583984375000178,606.0,0.08622112211221124,21.0888671875,20.87890625
282,0.8660278320312607,595.3,0.09118931631110366,21.07574462890625,20.87890625
283,0.9652099609375071,608.4,0.08642340565417489,21.0888671875,20.87890625
284,1.0415039062499822,605.2,0.08070059484467944,21.0888671875,20.87890625
285,0.9346923828124929,605.2,0.08070059484467944,21.0888671875,20.87890625
286,0.7439575195312429,605.2,0.08070059484467944,21.0888671875,20.87890625
287,0.7973632812499858,601.5,0.08275145469659187,21.07574462890625,20.87890625
288,1.2932739257812607,593.6,0.08653975741239893,21.07574462890625,20.86578369140625
289,1.0567626953125107,598.7,0.08387339235009186,21.07574462890625,20.86578369140625
290,0.9652099609375071,604.0,0.08468543046357617,21.0888671875,20.87890625
291,1.1940917968750142,598.8,0.08560454241816969,21.07574462890625,20.87890625
292,1.2703857421874893,594.5,0.08557611438183349,21.0888671875,20.87890625
293,1.1101684570312536,592.1,0.08536564769464619,21.0888671875,20.87890625
294,0.9423217773437358,593.1,0.08614904737818244,21.0888671875,20.87890625
295,0.9346923828124929,591.8,0.08847583643122678,21.07574462890625,20.86578369140625
296,1.0033569335937642,590.0,0.09042372881355933,21.07574462890625,20.86578369140625
297,1.010986328125007,590.9,0.08944829920460316,21.07574462890625,20.86578369140625
298,0.9499511718750213,596.0,0.08674496644295303,21.0888671875,20.87890625
299,0.9652099609375071,599.6,0.08292194796531022,21.0888671875,20.87890625
300,1.0872802734374822,599.5,0.08119266055045872,21.07574462890625,20.86578369140625
301,1.0491333007812678,596.7,0.08231104407574996,21.07574462890625,20.86578369140625
302,0.7744750976562571,595.8,0.0832661967103055,21.0888671875,20.86578369140625
303,0.8736572265625036,594.4,0.08383243606998654,21.0888671875,20.87890625
304,1.8731079101562536,592.0,0.08361486486486487,21.0888671875,20.87890625
305,3.269287109374993,593.4,0.08304684866868892,21.0888671875,20.87890625
306,3.872009277343757,596.3,0.08365755492201914,21.0888671875,20.87890625
307,2.9946289062499822,595.0,0.08596638655462185,21.0888671875,20.87890625
308,1.2932739257812607,594.0,0.08518518518518518,21.0888671875,20.87890625
309,0.6447753906249964,597.2,0.08270261219022103,21.0888671875,20.87890625
310,7.862182617187479,592.7,0.0875063269782352,21.07574462890625,20.87890625
311,7.9308471679687536,600.0,0.08158333333333334,21.07574462890625,20.86578369140625
312,6.343933105468766,607.8,0.07619282658769333,21.0888671875,20.86578369140625
313,3.8872680664062464,603.2,0.0791445623342175,21.0888671875,20.86578369140625
314,1.697631835937493,589.9,0.08866757077470758,21.0888671875,20.86578369140625
315,1.2246093749999893,585.8,0.09219870262888359,21.0888671875,20.87890625
316,2.3308715820312287,591.3,0.08808557415863354,21.0888671875,20.87890625
317,3.101440429687514,597.3,0.08443830570902396,21.0888671875,20.87890625
318,2.5216064453124787,596.8,0.08404825737265417,21.0888671875,20.87890625
319,1.6213378906250178,596.7,0.08231104407574996,21.07574462890625,20.87890625
320,1.35430908203125,599.4,0.0794627961294628,21.07574462890625,20.87890625
321,1.361938476562493,598.9,0.07906996159625981,21.0888671875,20.87890625
322,1.16357421875,594.8,0.0824815063887021,21.0888671875,20.87890625
323,0.9575805664062642,594.4,0.08383243606998654,21.0888671875,20.86578369140625
324,0.97283935546875,600.7,0.08542533710670884,21.0888671875,20.86578369140625
325,0.9957275390624787,604.0,0.08468543046357617,21.0888671875,20.86578369140625
326,0.9957275390624787,603.6,0.08601722995361168,21.0888671875,20.87890625
327,0.9880981445312358,596.7,0.09060667001843473,21.0888671875,20.87890625
328,0.9804687499999929,588.0,0.09727891156462586,21.0888671875,20.87890625
329,0.9957275390624787,579.6,0.10096618357487924,21.0888671875,20.86578369140625
330,1.0033569335937642,572.3,0.09869823519133324,21.07574462890625,20.86578369140625
331,0.9957275390624787,569.5,0.09126426690079018,21.0888671875,20.86578369140625
332,0.9957275390624787,578.2,0.08446904185402974,21.0888671875,20.87890625
333,1.01861572265625,588.6,0.08260278627251105,21.0888671875,20.87890625
334,1.0262451171874964,586.2,0.08237802797679972,21.0888671875,20.87890625
335,0.9880981445312358,573.6,0.0790097629009763,21.0888671875,20.86578369140625
336,0.97283935546875,573.7,0.07218929754226946,21.0888671875,20.87890625
337,1.010986328125007,588.3,0.06890192078871325,21.0888671875,20.87890625
338,1.0643920898437536,600.3,0.07027319673496586,21.0888671875,20.87890625
339,1.0872802734374822,592.3,0.07215093702515618,21.0888671875,20.87890625
340,1.0643920898437536,571.1,0.06828051129399405,21.07574462890625,20.86578369140625
341,1.0262451171874964,547.0,0.05429616087751372,21.0888671875,20.86578369140625
342,0.9880981445312358,528.2,0.031029912911775842,21.0888671875,20.87890625
343,0.9652099609375071,515.1,0.006299747621821005,21.0888671875,20.87890625
344,0.9652099609375071,508.8,-0.006269654088050316,21.0888671875,20.87890625
345,0.9957275390624787,506.2,-0.0013038324772817063,21.0888671875,20.87890625
346,1.010986328125007,506.8,0.011069455406471982,21.0888671875,20.87890625
347,1.0033569335937642,510.4,0.01681034482758621,21.0888671875,20.87890625
348,0.9957275390624787,515.8,0.010876308646762313,21.0888671875,20.87890625
349,0.9957275390624787,519.2,0.0029661016949152547,21.0888671875,20.87890625
350,1.0033569335937642,518.7,0.002438789280894545,21.0888671875,20.87890625
351,1.0033569335937642,514.7,0.007800660578978046,21.0888671875,20.87890625
352,1.010986328125007,509.7,0.012193447125760253,21.0888671875,20.87890625
353,1.01861572265625,505.8,0.01000395413206801,21.0888671875,20.87890625
354,1.01861572265625,507.3,0.0018430908732505415,21.0888671875,20.87890625
355,1.010986328125007,511.8,-0.003008987885892928,21.0888671875,20.87890625
356,1.0033569335937642,513.3,-0.0013929475939996113,21.0888671875,20.87890625
357,0.9957275390624787,511.6,0.0025801407349491778,21.0888671875,20.87890625
358,1.0033569335937642,513.1,0.004180471642954589,21.0888671875,20.87890625
359,1.010986328125007,518.6,0.00042421905129193835,21.07574462890625,20.86578369140625
360,1.010986328125007,521.8,-0.0018972786508240716,21.07574462890625,20.86578369140625
361,1.0033569335937642,517.3,0.002870674656872221,21.0888671875,20.86578369140625
362,1.0033569335937642,511.4,0.008173640985529917,21.0888671875,20.86578369140625
363,1.01861572265625,508.5,0.007030481809242871,21.0888671875,20.87890625
364,1.01861572265625,511.0,-0.0,21.0888671875,20.87890625
365,1.010986328125007,516.6,-0.001703445605884632,21.0888671875,20.87890625
366,1.0033569335937642,523.5,0.003677172874880612,21.0888671875,20.87890625
367,0.9880981445312358,526.5,0.016191832858499525,21.0888671875,20.87890625
368,0.9423217773437358,526.3,0.04044271328139845,21.0888671875,20.87890625
369,0.9118041992187607,531.2,0.08055346385542168,21.0888671875,20.87890625
370,0.9423217773437358,545.5,0.12552703941338222,21.0888671875,20.87890625
371,0.9804687499999929,561.1,0.15673676706469436,21.0888671875,20.87890625
372,0.9804687499999929,569.7,0.164411093558013,21.0888671875,20.87890625
373,0.9575805664062642,570.7,0.15641317680042055,21.0888671875,20.87890625
374,0.9499511718750213,567.8,0.14742867206762944,21.0888671875,20.87890625
375,0.9652099609375071,561.3,0.15158560484589345,21.0888671875,20.86578369140625
376,0.9804687499999929,555.8,0.1654551997121267,21.0888671875,20.87890625
377,0.9880981445312358,553.4,0.1745211420310806,21.0888671875,20.87890625
378,0.9880981445312358,556.0,0.16915467625899283,21.0888671875,20.87890625
379,0.9804687499999929,562.2,0.1592671647100676,21.0888671875,20.87890625
380,0.9804687499999929,564.5,0.15735163861824625,21.0888671875,20.86578369140625
381,0.9880981445312358,555.5,0.16881188118811882,21.0888671875,20.86578369140625
382,0.9880981445312358,546.4,0.17877013177159592,21.0888671875,20.87890625
383,0.9880981445312358,546.3,0.17688998718652757,21.0888671875,20.87890625
384,0.9804687499999929,557.2,0.1646446518305815,21.0888671875,20.87890625
385,0.9804687499999929,563.5,0.15665483584738243,21.0888671875,20.87890625
386,0.9804687499999929,559.4,0.1608509116910976,21.0888671875,20.87890625
387,0.9880981445312358,552.1,0.1682575620358631,21.0888671875,20.87890625
388,0.9880981445312358,553.0,0.1670886075949367,21.0888671875,20.87890625
389,0.9880981445312358,559.7,0.15752188672503128,21.0888671875,20.87890625
390,0.9804687499999929,561.5,0.15525378450578808,21.0888671875,20.87890625
391,0.9804687499999929,559.1,0.16418350921123237,21.0888671875,20.87890625
392,0.9804687499999929,556.8,0.1750359195402299,21.0888671875,20.87890625
393,0.9880981445312358,556.5,0.16949685534591197,21.0888671875,20.86578369140625
394,0.9804687499999929,555.0,0.15063063063063065,21.0888671875,20.87890625
395,0.9499511718750213,548.4,0.14401896425966448,21.0888671875,20.87890625
396,0.92706298828125,544.6,0.1630003672420125,21.0888671875,20.87890625
397,0.9499511718750213,553.5,0.18532068654019873,21.0888671875,20.87890625
398,1.0033569335937642,569.9,0.17670643972626776,21.0888671875,20.87890625
399,1.0338745117187393,577.4,0.1472635954277797,21.0888671875,20.87890625
400,0.9957275390624787,565.0,0.1314159292035398,21.0888671875,20.87890625
401,0.9423217773437358,543.4,0.1493927125506073,21.0888671875,20.87890625
402,0.9423217773437358,536.1,0.17533109494497295,21.0888671875,20.87890625
403,0.9957275390624787,550.1,0.16686966006180698,21.0888671875,20.87890625
404,1.0567626953125107,566.0,0.13215547703180214,21.0888671875,20.87890625
405,1.0796508789062393,564.2,0.10801134349521446,21.0888671875,20.87890625
406,1.0720214843749964,551.3,0.10844367857790678,21.0888671875,20.87890625
407,1.0643920898437536,538.3,0.11617127995541521,21.0888671875,20.87890625
408,1.0643920898437536,525.1,0.10149495334222054,21.0888671875,20.87890625
409,1.0338745117187393,507.1,0.05629067245119306,21.0888671875,20.87890625
410,0.9880981445312358,494.4,-0.000444983818770227,21.0888671875,20.87890625
411,0.9652099609375071,494.2,-0.03472278429785512,21.0888671875,20.87890625
412,0.9804687499999929,503.4,-0.03976956694477553,21.0888671875,20.87890625
413,1.01861572265625,510.0,-0.030196078431372553,21.0888671875,20.87890625
414,1.0338745117187393,512.6,-0.02532188841201717,21.0888671875,20.87890625
415,1.01861572265625,514.4,-0.017534992223950233,21.0888671875,20.87890625
416,1.0033569335937642,511.3,0.006131429689027967,21.0888671875,20.87890625
417,1.01861572265625,504.4,0.030095162569389378,21.0888671875,20.87890625
418,1.0491333007812678,500.4,0.016047162270183855,21.0888671875,20.87890625
419,1.0262451171874964,504.9,-0.038017429193899784,21.07574462890625,20.86578369140625
420,0.9423217773437358,509.6,-0.07727629513343799,21.0888671875,20.87890625
421,0.9041748046875178,510.4,-0.05107758620689656,21.0888671875,20.87890625
422,0.9804687499999929,505.1,0.03473569590180162,21.0888671875,20.87890625
423,1.0949096679687678,497.6,0.10655144694533764,21.0888671875,20.86578369140625
424,1.125427246093743,495.8,0.08896732553448973,21.0888671875,20.86578369140625
425,1.0415039062499822,504.1,-0.015383852410236067,21.0888671875,20.86578369140625
426,0.9194335937500036,515.9,-0.11183368869936036,21.0888671875,20.87890625
427,0.8736572265625036,514.3,-0.10619288353101304,21.0888671875,20.87890625
428,0.9423217773437358,496.7,0.01804912421985102,21.0888671875,20.87890625
429,1.0567626953125107,479.5,0.17033368091762255,21.0888671875,20.87890625
430,1.125427246093743,479.4,0.19916562369628704,21.0888671875,20.87890625
431,1.0796508789062393,499.9,0.055121024204840975,21.0888671875,20.87890625
432,0.9118041992187607,504.5,-0.10520317145688801,21.07574462890625,20.86578369140625
433,0.9880981445312358,477.3,0.1125811858369998,21.07574462890625,20.86578369140625
434,1.0643920898437536,467.6,0.2580624465355004,21.0888671875,20.87890625
435,1.0720214843749964,481.0,0.1920997920997921,21.0888671875,20.87890625
436,1.01861572265625,505.2,-0.012193190815518607,21.0888671875,20.86578369140625
437,0.9499511718750213,521.5,-0.17876318312559925,21.07574462890625,20.86578369140625
438,0.9194335937500036,520.0,-0.1903846153846154,21.0888671875,20.87890625
439,0.9423217773437358,501.1,-0.0385252444621832,21.0888671875,20.87890625
440,1.0033569335937642,483.0,0.16283643892339544,21.0888671875,20.87890625
441,1.0567626953125107,478.7,0.23587842072279094,21.07574462890625,20.86578369140625
442,1.0491333007812678,493.4,0.10879610863396838,21.07574462890625,20.87890625
443,0.97283935546875,513.3,-0.08818429768166765,0.0,0.0
444,0.9194335937500036,518.8,-0.186372397841172,0.0,0.0
445,0.92706298828125,506.5,-0.12216189536031591,0.0,0.0
446,0.9804687499999929,490.0,0.03704081632653062,0.0,0.0
447,1.01861572265625,485.3,0.1401916340407995,0.0,0.0
448,1.01861572265625,493.3,0.10669977701196028,0.0,0.0
449,1.0033569335937642,505.7,-0.0018489222859402804,0.0,0.0
450,0.9804687499999929,514.9,-0.0746649834919402,0.0,0.0
451,0.9804687499999929,512.5,-0.056341463414634155,0.0,0.0
452,1.010986328125007,500.3,0.01396162302618429,0.0,0.0
453,1.0415039062499822,492.0,0.0592479674796748,0.0,0.0
454,1.0491333007812678,495.8,0.03904800322710771,0.0,0.0
455,1.01861572265625,502.6,-0.0072224432948666956,0.0,0.0
456,0.9804687499999929,504.1,-0.025203332672088873,0.0,0.0
457,0.9804687499999929,502.3,-0.0036133784590881954,0.0,0.0
458,1.010986328125007,502.7,0.02439824945295405,0.0,0.0
459,1.0338745117187393,503.2,0.02492050874403816,0.0,0.0
460,1.01861572265625,502.2,0.004161688570290723,0.0,0.0
461,0.9880981445312358,503.4,-0.010270162892332142,0.0,0.0
462,0.9880981445312358,508.0,-0.0032480314960629925,0.0,0.0
463,1.0033569335937642,511.2,0.013771517996870111,0.0,0.0
464,1.01861572265625,510.9,0.017332158935212377,0.0,0.0
465,1.010986328125007,510.2,0.00301842414739318,0.0,0.0
466,0.9957275390624787,509.1,-0.009831074445099196,0.0,0.0
467,0.9957275390624787,507.0,-0.004339250493096647,0.0,0.0
468,1.0033569335937642,503.6,0.013542494042891186,0.0,0.0
469,1.0033569335937642,499.2,0.02071314102564103,0.0,0.0
470,0.9880981445312358,495.4,0.01065805409769883,0.0,0.0
471,0.9880981445312358,495.8,-0.0008874546187979033,0.0,0.0
472,0.9957275390624787,500.1,-0.00010997800439911978,0.0,0.0
473,1.0033569335937642,500.7,0.012412622328739766,0.0,0.0
474,1.0033569335937642,494.4,0.01957928802588997,0.0,0.0
475,0.9957275390624787,492.1,0.01106482422271896,0.0,0.0
476,0.9957275390624787,498.6,-0.001764941837144003,0.0,0.0
477,1.010986328125007,504.8,-0.0008716323296355001,0.0,0.0
478,1.01861572265625,499.7,0.01133680208124875,0.0,0.0
479,1.010986328125007,490.1,0.01896551724137931,0.0,0.0
480,0.9957275390624787,489.7,0.010445170512558713,0.0,0.0
481,0.9957275390624787,498.2,-0.00022079486150140427,0.0,0.0
482,0.9957275390624787,503.4,-0.0004370282081843469,0.0,0.0
483,1.0033569335937642,497.3,0.0107279308264629,0.0,0.0
484,1.010986328125007,490.5,0.017380224260958206,0.0,0.0
485,1.010986328125007,492.1,0.01106482422271896,0.0,0.0
486,1.010986328125007,504.4,0.0006542426645519426,0.0,0.0
487,1.01861572265625,514.2,-0.002353169972773239,0.0,0.0
488,1.01861572265625,511.7,0.0046218487394958,0.0,0.0
489,1.010986328125007,503.5,0.01146971201588878,0.0,0.0
490,1.0033569335937642,499.1,0.008705670206371469,0.0,0.0
491,1.0033569335937642,502.6,0.0026263430163151616,0.0,0.0
492,1.0033569335937642,505.0,0.0032673267326732676,0.0,0.0
493,1.010986328125007,503.3,0.007321676932247168,0.0,0.0
494,1.010986328125007,503.8,0.007860262008733625,0.0,0.0
495,1.010986328125007,506.9,0.0033635825606628525,0.0,0.0
496,1.010986328125007,508.6,-0.0006488399528116413,0.0,0.0
497,1.01861572265625,504.5,0.0027254707631318136,0.0,0.0
498,1.01861572265625,505.1,0.005335577113442883,0.0,0.0
499,1.010986328125007,512.0,0.00107421875,0.0,0.0
500,1.0033569335937642,517.9,-0.004141726201969492,0.0,0.0
501,1.010986328125007,512.7,-0.0039691827579481165,0.0,0.0
502,1.01861572265625,500.3,0.004067559464321406,0.0,0.0
503,1.01861572265625,488.9,0.013612190632031092,0.0,0.0
504,1.0033569335937642,489.9,0.014707083078179221,0.0,0.0
505,0.9957275390624787,500.0,0.007700000000000001,0.0,0.0
506,1.0033569335937642,510.6,0.0015080297688993326,0.0,0.0
507,1.0033569335937642,506.5,0.004886475814412636,0.0,0.0
508,1.0033569335937642,495.5,0.012764883955600404,0.0,0.0
509,1.010986328125007,494.1,0.013246306415705324,0.0,0.0
510,1.010986328125007,504.7,0.006865464632454925,0.0,0.0
511,1.010986328125007,511.2,0.004088419405320815,0.0,0.0
512,1.01861572265625,506.6,0.006948282668772208,0.0,0.0
513,1.010986328125007,498.7,0.010256667335071188,0.0,0.0
514,1.010986328125007,499.0,0.0066132264529058125,0.0,0.0
515,1.0033569335937642,504.1,0.00425510811346955,0.0,0.0
516,1.0033569335937642,507.9,0.00443985036424493,0.0,0.0
517,1.010986328125007,505.7,0.0079394898160965,0.0,0.0
518,1.01861572265625,503.3,0.007321676932247168,0.0,0.0
519,1.010986328125007,504.1,0.00425510811346955,0.0,0.0
520,1.0033569335937642,505.9,0.002283059893259537,0.0,0.0
521,1.0033569335937642,504.1,0.00425510811346955,0.0,0.0
522,1.010986328125007,500.5,0.008241758241758242,0.0,0.0
523,1.010986328125007,500.5,0.008241758241758242,0.0,0.0
524,1.0033569335937642,501.8,0.005699481865284974,0.0,0.0
525,1.0033569335937642,499.9,0.005611122224444889,0.0,0.0
526,1.0033569335937642,495.3,0.008550373511003432,0.0,0.0
527,1.0033569335937642,493.1,0.012157777327114178,0.0,0.0
528,1.010986328125007,495.9,0.011201855212744506,0.0,0.0
529,1.010986328125007,498.1,0.007618952017667135,0.0,0.0
530,1.0033569335937642,497.5,0.004974874371859297,0.0,0.0
531,1.0033569335937642,495.7,0.00699011498890458,0.0,0.0
532,1.0033569335937642,498.6,0.008162855996791014,0.0,0.0
533,0.9957275390624787,503.8,0.007860262008733625,0.0,0.0
534,0.9957275390624787,507.5,0.005960591133004927,0.0,0.0
535,0.9957275390624787,507.0,0.005424063116370809,0.0,0.0
536,1.0033569335937642,502.4,0.008320063694267516,0.0,0.0
537,0.9957275390624787,493.6,0.012702593192868719,0.0,0.0
538,0.9880981445312358,486.1,0.014595762188850031,0.0,0.0
539,0.9957275390624787,483.7,0.013985941699400456,0.0,0.0
540,1.0033569335937642,488.9,0.013612190632031092,0.0,0.0
541,1.010986328125007,499.7,0.01133680208124875,0.0,0.0
542,1.0033569335937642,509.4,0.006046329014526895,0.0,0.0
543,0.9880981445312358,509.7,0.002481852069845008,0.0,0.0
544,0.9804687499999929,502.2,0.004161688570290723,0.0,0.0
545,0.9804687499999929,495.3,0.008550373511003432,0.0,0.0
546,0.9957275390624787,497.7,0.00917219208358449,0.0,0.0
547,1.01861572265625,503.8,0.007860262008733625,0.0,0.0
548,1.01861572265625,506.1,0.0064117763287887776,0.0,0.0
549,1.0033569335937642,503.7,0.005787174905697837,0.0,0.0
550,0.9957275390624787,499.9,0.005611122224444889,0.0,0.0
551,1.0033569335937642,501.3,0.005156592858567724,0.0,0.0
552,1.010986328125007,508.7,0.0014055435423628866,0.0,0.0
553,1.010986328125007,512.9,0.00010723337882628346,0.0,0.0
554,1.010986328125007,512.5,0.0016097560975609757,0.0,0.0
555,1.0033569335937642,510.7,0.0035539455649109077,0.0,0.0
556,1.0033569335937642,509.4,0.006046329014526895,0.0,0.0
557,1.0033569335937642,506.1,0.0064117763287887776,0.0,0.0
558,1.0033569335937642,499.0,0.0066132264529058125,0.0,0.0
559,0.9957275390624787,493.4,0.008471828131333603,0.0,0.0
560,1.0033569335937642,496.3,0.009641345960104776,0.0,0.0
561,1.0033569335937642,503.4,0.00939610647596345,0.0,0.0
562,1.0033569335937642,506.6,0.006948282668772208,0.0,0.0
563,1.0033569335937642,502.8,0.006782020684168655,0.0,0.0
564,0.9957275390624787,498.1,0.007618952017667135,0.0,0.0
565,0.9957275390624787,499.1,0.008705670206371469,0.0,0.0
566,1.0033569335937642,504.3,0.008397779099742217,0.0,0.0
567,1.010986328125007,508.0,0.006496062992125985,0.0,0.0
568,1.0033569335937642,508.0,0.006496062992125985,0.0,0.0
569,0.9957275390624787,507.9,0.00443985036424493,0.0,0.0
570,0.9880981445312358,507.8,0.0023828278849940916,0.0,0.0
571,0.9957275390624787,506.4,0.002823854660347551,0.0,0.0
572,1.0033569335937642,507.4,0.0039022467481277102,0.0,0.0
573,1.010986328125007,508.4,0.00497639653815893,0.0,0.0
574,1.0033569335937642,505.2,0.0074030087094220124,0.0,0.0
575,0.9957275390624787,498.2,0.009714973906061825,0.0,0.0
576,1.0033569335937642,493.0,0.010040567951318458,0.0,0.0
577,1.0033569335937642,493.4,0.008471828131333603,0.0,0.0
578,1.0033569335937642,500.9,0.006697943701337593,0.0,0.0
579,1.0033569335937642,507.0,0.005424063116370809,0.0,0.0
580,1.0033569335937642,508.4,0.00497639653815893,0.0,0.0
581,1.0033569335937642,505.1,0.005335577113442883,0.0,0.0
582,1.0033569335937642,502.8,0.006782020684168655,0.0,0.0
583,0.9957275390624787,504.7,0.006865464632454925,0.0,0.0
584,1.0033569335937642,503.3,0.007321676932247168,0.0,0.0
585,1.010986328125007,496.8,0.010185185185185184,0.0,0.0
586,1.010986328125007,490.3,0.013124617581072813,0.0,0.0
587,1.010986328125007,490.7,0.01154473201548808,0.0,0.0
588,1.0033569335937642,498.1,0.007618952017667135,0.0,0.0
589,1.0033569335937642,503.7,0.005787174905697837,0.0,0.0
590,1.0033569335937642,504.7,0.006865464632454925,0.0,0.0
591,1.0033569335937642,503.8,0.007860262008733625,0.0,0.0
592,1.0033569335937642,503.3,0.007321676932247168,0.0,0.0
593,1.010986328125007,501.9,0.007780434349472007,0.0,0.0
594,1.010986328125007,500.5,0.008241758241758242,0.0,0.0
595,1.0033569335937642,500.5,0.008241758241758242,0.0,0.0
596,1.0033569335937642,501.9,0.007780434349472007,0.0,0.0
597,1.0033569335937642,501.0,0.00878243512974052,0.0,0.0
598,1.0033569335937642,500.0,0.007700000000000001,0.0,0.0
599,1.010986328125007,502.8,0.006782020684168655,0.0,0.0
600,1.0033569335937642,510.3,0.005065647658240251,0.0,0.0
601,1.0033569335937642,515.0,0.004271844660194175,0.0,0.0
602,1.0033569335937642,510.8,0.005599060297572435,0.0,0.0
603,1.0033569335937642,502.4,0.008320063694267516,0.0,0.0
604,1.010986328125007,497.7,0.00917219208358449,0.0,0.0
605,1.010986328125007,498.2,0.009714973906061825,0.0,0.0
606,1.010986328125007,499.6,0.00924739791833467,0.0,0.0
607,1.0033569335937642,500.5,0.008241758241758242,0.0,0.0
608,0.9957275390624787,502.3,0.006241290065697789,0.0,0.0
609,1.0033569335937642,504.2,0.0063268544228480775,0.0,0.0
610,1.010986328125007,503.8,0.007860262008733625,0.0,0.0
611,1.0033569335937642,500.5,0.008241758241758242,0.0,0.0
612,0.9957275390624787,500.0,0.007700000000000001,0.0,0.0
613,0.9880981445312358,500.5,0.008241758241758242,0.0,0.0
614,0.9880981445312358,502.4,0.008320063694267516,0.0,0.0
615,0.9957275390624787,504.7,0.006865464632454925,0.0,0.0
616,1.0033569335937642,507.0,0.005424063116370809,0.0,0.0
617,1.0033569335937642,506.6,0.006948282668772208,0.0,0.0
618,1.0033569335937642,506.1,0.0064117763287887776,0.0,0.0
619,1.0033569335937642,505.1,0.005335577113442883,0.0,0.0
620,1.010986328125007,504.6,0.004795877923107412,0.0,0.0
621,1.0033569335937642,501.9,0.007780434349472007,0.0,0.0
622,1.0033569335937642,499.7,0.01133680208124875,0.0,0.0
623,0.9957275390624787,500.2,0.011875249900039986,0.0,0.0
624,0.9957275390624787,501.5,0.009322033898305087,0.0,0.0
625,1.0033569335937642,500.5,0.008241758241758242,0.0,0.0
626,1.010986328125007,497.2,0.008628318584070796,0.0,0.0
627,1.010986328125007,498.6,0.008162855996791014,0.0,0.0
628,1.01861572265625,502.8,0.006782020684168655,0.0,0.0
629,1.010986328125007,503.7,0.005787174905697837,0.0,0.0
630,0.9957275390624787,500.0,0.007700000000000001,0.0,0.0
631,0.9880981445312358,497.7,0.00917219208358449,0.0,0.0
632,0.9957275390624787,500.0,0.007700000000000001,0.0,0.0
633,1.010986328125007,504.2,0.0063268544228480775,0.0,0.0
634,1.010986328125007,507.4,0.0039022467481277102,0.0,0.0
635,0.9957275390624787,507.4,0.0039022467481277102,0.0,0.0
636,0.9880981445312358,505.6,0.005874208860759495,0.0,0.0
637,0.9957275390624787,504.2,0.0063268544228480775,0.0,0.0
638,1.010986328125007,502.8,0.006782020684168655,0.0,0.0
639,1.010986328125007,504.7,0.006865464632454925,0.0,0.0
640,1.010986328125007,503.8,0.007860262008733625,0.0,0.0
641,1.0033569335937642,499.1,0.008705670206371469,0.0,0.0
642,1.0033569335937642,496.7,0.008083350110730825,0.0,0.0
643,1.0033569335937642,501.3,0.005156592858567724,0.0,0.0
644,1.0033569335937642,505.1,0.005335577113442883,0.0,0.0
645,1.0033569335937642,501.9,0.007780434349472007,0.0,0.0
646,1.0033569335937642,496.3,0.009641345960104776,0.0,0.0
647,1.010986328125007,497.7,0.00917219208358449,0.0,0.0
648,1.010986328125007,505.1,0.005335577113442883,0.0,0.0
649,1.01861572265625,509.2,0.0019442262372348792,0.0,0.0
650,1.010986328125007,507.3,0.0018430908732505415,0.0,0.0
651,1.0033569335937642,502.7,0.004704595185995625,0.0,0.0
652,0.9957275390624787,499.0,0.0066132264529058125,0.0,0.0
653,0.9957275390624787,497.6,0.00707395498392283,0.0,0.0
654,0.9957275390624787,499.9,0.005611122224444889,0.0,0.0
655,1.0033569335937642,501.4,0.0072397287594734745,0.0,0.0
656,1.0033569335937642,500.1,0.009788042391521696,0.0,0.0
657,1.0033569335937642,499.7,0.01133680208124875,0.0,0.0
658,0.9957275390624787,502.9,0.008858620003976934,0.0,0.0
659,0.9957275390624787,507.0,0.005424063116370809,0.0,0.0
660,1.0033569335937642,506.5,0.004886475814412636,0.0,0.0
661,1.0033569335937642,502.3,0.006241290065697789,0.0,0.0
662,1.0033569335937642,498.6,0.008162855996791014,0.0,0.0
663,1.010986328125007,498.2,0.009714973906061825,0.0,0.0
664,1.01861572265625,500.6,0.010327606871753896,0.0,0.0
665,1.01861572265625,501.5,0.009322033898305087,0.0,0.0
666,1.010986328125007,502.8,0.006782020684168655,0.0,0.0
667,1.0033569335937642,504.6,0.004795877923107412,0.0,0.0
668,1.010986328125007,506.0,0.004347826086956522,0.0,0.0
669,1.010986328125007,507.5,0.005960591133004927,0.0,0.0
670,1.0033569335937642,508.0,0.006496062992125985,0.0,0.0
671,0.9957275390624787,507.5,0.005960591133004927,0.0,0.0
672,0.9957275390624787,505.1,0.005335577113442883,0.0,0.0
673,1.0033569335937642,500.4,0.006155075939248602,0.0,0.0
674,1.0033569335937642,498.2,0.009714973906061825,0.0,0.0
675,1.0033569335937642,501.1,0.010866094591897826,0.0,0.0
676,1.0033569335937642,502.5,0.010398009950248758,0.0,0.0
677,1.0033569335937642,501.0,0.00878243512974052,0.0,0.0
678,0.9957275390624787,499.5,0.007157157157157158,0.0,0.0
679,0.9957275390624787,502.7,0.004704595185995625,0.0,0.0
680,1.0033569335937642,506.9,0.0033635825606628525,0.0,0.0
681,1.01861572265625,508.4,0.00497639653815893,0.0,0.0
682,1.01861572265625,507.6,0.008018124507486209,0.0,0.0
683,1.0033569335937642,507.2,0.009542586750788645,0.0,0.0
684,0.9880981445312358,507.6,0.008018124507486209,0.0,0.0
685,0.9957275390624787,505.2,0.0074030087094220124,0.0,0.0
686,1.010986328125007,502.4,0.008320063694267516,0.0,0.0
687,1.01861572265625,501.5,0.009322033898305087,0.0,0.0
688,1.01861572265625,501.5,0.009322033898305087,0.0,0.0
689,1.010986328125007,502.8,0.006782020684168655,0.0,0.0
690,1.0033569335937642,503.7,0.005787174905697837,0.0,0.0
691,1.0033569335937642,502.8,0.006782020684168655,0.0,0.0
692,1.0033569335937642,500.5,0.008241758241758242,0.0,0.0
693,1.0033569335937642,499.6,0.00924739791833467,0.0,0.0
694,1.0033569335937642,500.1,0.009788042391521696,0.0,0.0
695,1.0033569335937642,502.0,0.009860557768924303,0.0,0.0
696,1.010986328125007,504.8,0.008934231378763867,0.0,0.0
697,1.010986328125007,505.7,0.0079394898160965,0.0,0.0
698,1.010986328125007,503.9,0.009932526294899782,0.0,0.0
699,1.0033569335937642,501.5,0.009322033898305087,0.0,0.0
700,1.010986328125007,500.0,0.007700000000000001,0.0,0.0
701,1.010986328125007,502.3,0.006241290065697789,0.0,0.0
702,1.0033569335937642,502.8,0.006782020684168655,0.0,0.0
703,1.0033569335937642,497.3,0.0107279308264629,0.0,0.0
704,1.0033569335937642,494.0,0.011133603238866396,0.0,0.0
705,1.0033569335937642,495.8,0.009096409842678498,0.0,0.0
706,1.0033569335937642,501.8,0.005699481865284974,0.0,0.0
707,1.0033569335937642,504.1,0.00425510811346955,0.0,0.0
708,0.9957275390624787,502.8,0.006782020684168655,0.0,0.0
709,0.9957275390624787,501.1,0.010866094591897826,0.0,0.0
710,1.0033569335937642,500.2,0.011875249900039986,0.0,0.0
711,1.010986328125007,500.1,0.009788042391521696,0.0,0.0
712,1.010986328125007,501.4,0.0072397287594734745,0.0,0.0
713,1.0033569335937642,503.3,0.007321676932247168,0.0,0.0
714,1.0033569335937642,505.2,0.0074030087094220124,0.0,0.0
715,1.0033569335937642,506.1,0.0064117763287887776,0.0,0.0
716,1.010986328125007,504.6,0.004795877923107412,0.0,0.0
717,1.010986328125007,503.2,0.005246422893481718,0.0,0.0
718,1.0033569335937642,503.8,0.007860262008733625,0.0,0.0
719,1.0033569335937642,504.8,0.008934231378763867,0.0,0.0
720,1.0033569335937642,504.8,0.008934231378763867,0.0,0.0
721,1.0033569335937642,503.8,0.007860262008733625,0.0,0.0
722,1.0033569335937642,503.7,0.005787174905697837,0.0,0.0
723,1.010986328125007,505.1,0.005335577113442883,0.0,0.0
724,1.0033569335937642,504.2,0.0063268544228480775,0.0,0.0
725,1.0033569335937642,502.4,0.008320063694267516,0.0,0.0
726,1.0033569335937642,502.4,0.008320063694267516,0.0,0.0
727,1.010986328125007,503.3,0.007321676932247168,0.0,0.0
728,1.01861572265625,505.6,0.005874208860759495,0.0,0.0
729,1.010986328125007,504.7,0.006865464632454925,0.0,0.0
730,1.0033569335937642,502.4,0.008320063694267516,0.0,0.0
731,1.0033569335937642,499.6,0.00924739791833467,0.0,0.0
732,1.0033569335937642,499.6,0.00924739791833467,0.0,0.0
733,1.010986328125007,501.0,0.00878243512974052,0.0,0.0
734,1.010986328125007,501.5,0.009322033898305087,0.0,0.0
735,1.0033569335937642,501.9,0.007780434349472007,0.0,0.0
736,1.0033569335937642,501.8,0.005699481865284974,0.0,0.0
737,0.9957275390624787,499.5,0.007157157157157158,0.0,0.0
738,1.0033569335937642,499.1,0.008705670206371469,0.0,0.0
739,1.010986328125007,501.9,0.007780434349472007,0.0,0.0
740,1.010986328125007,504.2,0.0063268544228480775,0.0,0.0
741,1.010986328125007,505.1,0.005335577113442883,0.0,0.0
742,1.010986328125007,503.7,0.005787174905697837,0.0,0.0
743,1.01861572265625,502.3,0.006241290065697789,0.0,0.0
744,1.010986328125007,501.0,0.00878243512974052,0.0,0.0
745,1.0033569335937642,499.7,0.01133680208124875,0.0,0.0
746,1.010986328125007,499.7,0.01133680208124875,0.0,0.0
747,1.010986328125007,501.5,0.009322033898305087,0.0,0.0
748,1.010986328125007,503.3,0.007321676932247168,0.0,0.0
749,0.9957275390624787,502.3,0.006241290065697789,0.0,0.0
750,0.9957275390624787,499.0,0.0066132264529058125,0.0,0.0
751,1.010986328125007,496.2,0.007537283353486498,0.0,0.0
752,1.01861572265625,497.7,0.00917219208358449,0.0,0.0
753,1.010986328125007,501.5,0.009322033898305087,0.0,0.0
754,1.0033569335937642,501.5,0.009322033898305087,0.0,0.0
755,1.010986328125007,499.1,0.008705670206371469,0.0,0.0
756,1.01861572265625,499.5,0.007157157157157158,0.0,0.0
757,1.01861572265625,502.3,0.006241290065697789,0.0,0.0
758,1.010986328125007,503.3,0.007321676932247168,0.0,0.0
759,1.010986328125007,502.0,0.009860557768924303,0.0,0.0
760,1.010986328125007,501.5,0.009322033898305087,0.0,0.0
761,1.01861572265625,502.4,0.008320063694267516,0.0,0.0
762,1.01861572265625,503.3,0.007321676932247168,0.0,0.0
763,1.0033569335937642,502.9,0.008858620003976934,0.0,0.0
764,0.9957275390624787,502.9,0.008858620003976934,0.0,0.0
765,0.9957275390624787,505.6,0.005874208860759495,0.0,0.0
766,1.0033569335937642,506.0,0.004347826086956522,0.0,0.0
767,1.01861572265625,503.2,0.005246422893481718,0.0,0.0
768,1.0262451171874964,499.1,0.008705670206371469,0.0,0.0
769,1.0262451171874964,497.7,0.00917219208358449,0.0,0.0
770,1.01861572265625,500.5,0.008241758241758242,0.0,0.0
771,1.010986328125007,504.2,0.0063268544228480775,0.0,0.0
772,1.010986328125007,504.2,0.0063268544228480775,0.0,0.0
773,1.010986328125007,503.3,0.007321676932247168,0.0,0.0
774,1.01861572265625,501.9,0.007780434349472007,0.0,0.0
775,1.01861572265625,500.5,0.008241758241758242,0.0,0.0
776,1.010986328125007,503.7,0.005787174905697837,0.0,0.0
777,1.0033569335937642,510.2,0.00301842414739318,0.0,0.0
778,1.0033569335937642,513.9,0.0011772718427709688,0.0,0.0
779,1.010986328125007,507.0,0.005424063116370809,0.0,0.0
780,1.01861572265625,498.2,0.009714973906061825,0.0,0.0
781,1.01861572265625,495.9,0.011201855212744506,0.0,0.0
782,1.010986328125007,499.6,0.00924739791833467,0.0,0.0
783,1.010986328125007,504.2,0.0063268544228480775,0.0,0.0
784,1.010986328125007,509.3,0.0039956803455723534,0.0,0.0
785,1.01861572265625,512.5,0.0016097560975609757,0.0,0.0
786,1.0033569335937642,504.6,0.004795877923107412,0.0,0.0
787,1.0033569335937642,500.1,0.009788042391521696,0.0,0.0
788,1.010986328125007,497.3,0.0107279308264629,0.0,0.0
789,1.01861572265625,498.6,0.008162855996791014,0.0,0.0
790,1.01861572265625,502.3,0.006241290065697789,0.0,0.0
791,1.0033569335937642,505.6,0.005874208860759495,0.0,0.0
792,1.0033569335937642,507.5,0.005960591133004927,0.0,0.0
793,1.010986328125007,504.7,0.006865464632454925,0.0,0.0
794,1.010986328125007,499.1,0.008705670206371469,0.0,0.0
795,1.0033569335937642,497.7,0.00917219208358449,0.0,0.0
796,0.9957275390624787,505.5,0.0038081107814045504,0.0,0.0
797,1.0033569335937642,517.0,-0.003191489361702128,0.0,0.0
798,1.010986328125007,518.4,-0.0036072530864197524,0.0,0.0
799,1.010986328125007,507.0,0.005424063116370809,0.0,0.0
800,1.01861572265625,496.0,0.013306451612903227,0.0,0.0
801,1.01861572265625,496.5,0.013846928499496477,0.0,0.0
802,1.010986328125007,502.0,0.009860557768924303,0.0,0.0
803,1.010986328125007,505.7,0.0079394898160965,0.0,0.0
804,1.0033569335937642,504.8,0.008934231378763867,0.0,0.0
805,1.0033569335937642,504.4,0.010467882632831087,0.0,0.0
806,1.010986328125007,505.7,0.0079394898160965,0.0,0.0
807,1.010986328125007,504.7,0.006865464632454925,0.0,0.0
808,1.010986328125007,502.8,0.006782020684168655,0.0,0.0
809,1.0033569335937642,504.2,0.0063268544228480775,0.0,0.0
810,1.010986328125007,510.7,0.0035539455649109077,0.0,0.0
811,1.010986328125007,515.4,0.002774544043461391,0.0,0.0
812,1.0033569335937642,512.2,0.005154236626317845,0.0,0.0
813,1.0033569335937642,500.1,0.009788042391521696,0.0,0.0
814,1.0033569335937642,491.2,0.0120928338762215,0.0,0.0
815,1.010986328125007,492.6,0.011611855460820138,0.0,0.0
816,1.010986328125007,500.1,0.009788042391521696,0.0,0.0
817,1.010986328125007,506.2,0.008474911102331097,0.0,0.0
818,1.010986328125007,508.9,0.0055118883867164474,0.0,0.0
819,1.010986328125007,511.5,0.0005376344086021505,0.0,0.0
820,1.01861572265625,509.6,0.00043171114599685874,0.0,0.0
821,1.01861572265625,502.3,0.006241290065697789,0.0,0.0
822,1.010986328125007,495.5,0.012764883955600404,0.0,0.0
823,1.0033569335937642,495.5,0.012764883955600404,0.0,0.0
824,1.0033569335937642,499.6,0.00924739791833467,0.0,0.0
825,1.010986328125007,501.9,0.007780434349472007,0.0,0.0
826,1.01861572265625,499.6,0.00924739791833467,0.0,0.0
827,1.010986328125007,495.9,0.011201855212744506,0.0,0.0
828,1.010986328125007,495.4,0.01065805409769883,0.0,0.0
829,1.01861572265625,499.6,0.00924739791833467,0.0,0.0
830,1.01861572265625,505.6,0.005874208860759495,0.0,0.0
831,1.0033569335937642,507.9,0.00443985036424493,0.0,0.0
832,0.9957275390624787,506.0,0.004347826086956522,0.0,0.0
833,0.9957275390624787,500.4,0.006155075939248602,0.0,0.0
834,1.0033569335937642,490.6,0.009417040358744397,0.0,0.0
835,1.01861572265625,484.6,0.012938505984316962,0.0,0.0
836,1.01861572265625,492.1,0.01106482422271896,0.0,0.0
837,1.010986328125007,505.6,0.005874208860759495,0.0,0.0
838,1.010986328125007,495.9,0.011201855212744506,0.0,0.0
839,1.010986328125007,501.9,0.007780434349472007,0.0,0.0
840,1.010986328125007,500.9,0.006697943701337593,0.0,0.0
841,1.0033569335937642,497.7,0.00917219208358449,0.0,0.0
842,1.0033569335937642,504.6,0.004795877923107412,0.0,0.0
843,1.010986328125007,513.4,0.0006427736657576954,0.0,0.0
844,1.01861572265625,514.4,0.0017107309486780733,0.0,0.0
845,1.01861572265625,505.7,0.0079394898160965,0.0,0.0
846,1.010986328125007,498.8,0.012349639133921411,0.0,0.0
847,1.0033569335937642,500.6,0.010327606871753896,0.0,0.0
848,1.010986328125007,507.5,0.005960591133004927,0.0,0.0
849,1.010986328125007,509.8,0.004531188701451549,0.0,0.0
850,1.010986328125007,502.8,0.006782020684168655,0.0,0.0
851,1.0033569335937642,492.5,0.009492385786802032,0.0,0.0
852,1.0033569335937642,489.7,0.010445170512558713,0.0,0.0
853,1.0033569335937642,494.0,0.011133603238866396,0.0,0.0
854,1.0033569335937642,498.7,0.010256667335071188,0.0,0.0
855,1.010986328125007,502.3,0.006241290065697789,0.0,0.0
856,1.010986328125007,504.1,0.00425510811346955,0.0,0.0
857,1.010986328125007,502.2,0.004161688570290723,0.0,0.0
858,0.9957275390624787,495.4,0.01065805409769883,0.0,0.0
859,1.0033569335937642,497.3,0.0107279308264629,0.0,0.0
860,1.01861572265625,499.1,0.008705670206371469,0.0,0.0
861,1.01861572265625,502.7,0.004704595185995625,0.0,0.0
862,1.01861572265625,509.7,0.002481852069845008,0.0,0.0
863,1.010986328125007,507.5,0.005960591133004927,0.0,0.0
864,1.0033569335937642,497.8,0.01126958617918843,0.0,0.0
865,1.0033569335937642,492.6,0.011611855460820138,0.0,0.0
866,1.010986328125007,499.0,0.0066132264529058125,0.0,0.0
867,1.010986328125007,506.0,0.004347826086956522,0.0,0.0
868,1.010986328125007,502.4,0.008320063694267516,0.0,0.0
869,1.010986328125007,494.5,0.01167846309403438,0.0,0.0
870,1.010986328125007,494.9,0.010113154172560113,0.0,0.0
871,1.010986328125007,501.4,0.0072397287594734745,0.0,0.0
872,1.0033569335937642,505.6,0.005874208860759495,0.0,0.0
873,1.0033569335937642,506.1,0.0064117763287887776,0.0,0.0
874,1.0033569335937642,503.3,0.007321676932247168,0.0,0.0
875,1.010986328125007,497.7,0.00917219208358449,0.0,0.0
876,1.01861572265625,493.0,0.010040567951318458,0.0,0.0
877,1.01861572265625,493.0,0.010040567951318458,0.0,0.0
878,1.010986328125007,500.0,0.007700000000000001,0.0,0.0
879,1.010986328125007,500.1,0.009788042391521696,0.0,0.0
880,1.0033569335937642,491.8,0.014762098413989426,0.0,0.0
881,1.0033569335937642,487.6,0.0162428219852338,0.0,0.0
882,1.010986328125007,498.2,0.009714973906061825,0.0,0.0
883,1.01861572265625,510.2,0.00301842414739318,0.0,0.0
884,1.0262451171874964,510.6,0.0015080297688993326,0.0,0.0
885,1.0262451171874964,504.6,0.004795877923107412,0.0,0.0
